Term	Priority	Adjusted P	Odds ratio	N overlap	Overlap genes
Hemesynthesis Defects And Porphyrias WP5169	42.8593580688855	0.014619537405021685	42.82005494505494	3	ALAD, HMBS, CPOX
Heme Biosynthesis WP561	42.8593580688855	0.014619537405021685	42.82005494505494	3	ALAD, HMBS, CPOX
ERK Pathway In Huntington 39 S Disease WP3853	20.027871542452562	0.03513107135189325	19.975	3	EGFR, CASP3, MAPK1
IL11 Signaling WP2332	9.870077835820487	0.04572987884346707	9.778720395899612	4	FES, IL6ST, ICAM1, MAPK1
Burn Wound Healing WP5055	8.978501338558285	0.014619537405021685	8.78897136797455	6	AMBP, PECAM1, CASP3, BRD4, ICAM1, CXCR4
Proteasome Degradation WP183	8.814938288551147	0.02743980568608732	8.675510545698026	5	PSMC5, PSMC1, PSMA2, NEDD4, PSME1
Urotensin II Mediated Signaling WP5158	7.87407850095603	0.03513107135189325	7.738610903659448	5	HSPA2, EGFR, CASP3, ICAM1, MAPK1
Androgen Receptor Signaling WP138	7.561882968514979	0.025194608005722298	7.390957763236169	6	TLE5, CARM1, CALR, ROCK2, EGFR, SUMO1
TGF Beta Signaling Pathway WP366	5.839845319259871	0.02743980568608732	5.6271786492374725	7	NUP214, PML, MAP3K7, STRAP, THBS1, SUMO1, MAPK1
